CountyFIPS,Density,ruralUrban
1001,94.3,Rural
1003,141.8,Rural
1005,27.8,Rural
1007,36.0,Rural
1009,89.9,Rural
1011,16.2,Rural
1013,25.0,Rural
1015,187.7,Rural
1017,55.8,Rural
1019,47.6,Rural
1021,64.3,Rural
1023,13.8,Rural
1025,19.0,Rural
1027,21.9,Rural
1029,26.7,Rural
1031,77.4,Rural
1033,93.4,Rural
1035,14.2,Rural
1037,16.4,Rural
1039,36.0,Rural
1041,22.7,Rural
1043,114.4,Rural
1045,87.5,Rural
1047,37.8,Rural
1049,92.2,Rural
1051,132.0,Rural
1053,38.9,Rural
1055,191.4,Rural
1057,26.0,Rural
1059,49.5,Rural
1061,45.8,Rural
1063,12.5,Rural
1065,22.7,Rural
1067,30.8,Rural
1069,183.1,Rural
1071,48.0,Rural
1073,592.9,Urban
1075,22.8,Rural
1077,139.2,Rural
1079,47.8,Rural
1081,272.2,Rural
1083,178.3,Rural
1085,13.5,Rural
1087,29.6,Rural
1089,467.8,Rural
1091,19.3,Rural
1093,40.1,Rural
1095,171.4,Rural
1097,336.2,Rural
1099,20.2,Rural
1101,288.1,Rural
1103,206.9,Rural
1105,12.4,Rural
1107,22.6,Rural
1109,49.3,Rural
1111,39.2,Rural
1113,90.6,Rural
1115,142.4,Rural
1117,278.4,Rural
1119,13.7,Rural
1121,108.6,Rural
1123,56.4,Rural
1125,158.9,Rural
1127,80.5,Rural
1129,15.1,Rural
1131,11.7,Rural
1133,38.6,Rural
2013,0.5,Rural
2016,1.3,Rural
2020,168.4,Rural
2050,0.5,Rural
2060,1.6,Rural
2068,0.2,Rural
2070,0.3,Rural
2090,13.1,Rural
2100,1.1,Rural
2105,0.3,Rural
2110,11.8,Rural
2122,3.7,Rural
2130,2.9,Rural
2150,2.0,Rural
2158,0.5,Rural
2164,0.1,Rural
2170,4.4,Rural
2180,0.4,Rural
2185,0.1,Rural
2188,0.2,Rural
2195,1.0,Rural
2198,1.6,Rural
2220,3.0,Rural
2230,2.6,Rural
2240,0.3,Rural
2261,0.3,Rural
2275,1.0,Rural
2282,0.1,Rural
2290,0.0,Rural
4001,6.4,Rural
4003,20.4,Rural
4005,7.8,Rural
4007,11.4,Rural
4009,8.4,Rural
4011,5.2,Rural
4012,4.7,Rural
4013,490.5,Rural
4015,16.1,Rural
4017,11.2,Rural
4019,114.6,Rural
4021,87.1,Rural
4023,37.6,Rural
4025,29.2,Rural
4027,38.8,Rural
5001,17.7,Rural
5003,21.2,Rural
5005,76.2,Rural
5007,331.7,Rural
5009,63.6,Rural
5011,16.6,Rural
5013,8.3,Rural
5015,45.2,Rural
5017,15.6,Rural
5019,25.7,Rural
5021,22.8,Rural
5023,45.1,Rural
5025,13.3,Rural
5027,30.6,Rural
5029,37.9,Rural
5031,156.8,Rural
5033,107.0,Rural
5035,78.5,Rural
5037,26.6,Rural
5039,10.5,Rural
5041,14.7,Rural
5043,22.0,Rural
5045,195.0,Rural
5047,29.2,Rural
5049,20.3,Rural
5051,147.5,Rural
5053,29.0,Rural
5055,78.7,Rural
5057,29.6,Rural
5059,55.1,Rural
5061,22.5,Rural
5063,49.6,Rural
5065,23.6,Rural
5067,26.4,Rural
5069,76.4,Rural
5071,40.4,Rural
5073,12.5,Rural
5075,27.9,Rural
5077,14.7,Rural
5079,23.3,Rural
5081,23.1,Rural
5083,30.4,Rural
5085,95.6,Rural
5087,20.0,Rural
5089,28.2,Rural
5091,69.3,Rural
5093,44.9,Rural
5095,11.0,Rural
5097,11.6,Rural
5099,13.4,Rural
5101,9.5,Rural
5103,31.9,Rural
5105,19.0,Rural
5107,25.4,Rural
5109,17.9,Rural
5111,31.0,Rural
5113,23.3,Rural
5115,79.2,Rural
5117,12.4,Rural
5119,516.2,Urban
5121,27.7,Rural
5123,39.1,Rural
5125,170.4,Rural
5127,11.5,Rural
5129,11.9,Rural
5131,240.7,Rural
5133,30.1,Rural
5135,29.1,Rural
5137,20.7,Rural
5139,37.2,Rural
5141,23.4,Rural
5143,254.9,Rural
5145,76.3,Rural
5147,10.7,Rural
5149,23.0,Rural
6001,2261.3,Urban
6003,1.5,Rural
6005,67.5,Rural
6007,133.9,Rural
6009,45.1,Rural
6011,18.8,Rural
6013,1613.5,Urban
6015,27.8,Rural
6017,113.5,Rural
6019,168.1,Rural
6021,21.7,Rural
6023,38.1,Rural
6025,43.3,Rural
6027,1.8,Rural
6029,111.1,Rural
6031,110.5,Rural
6033,51.4,Rural
6035,6.7,Rural
6037,2474.4,Urban
6039,73.9,Rural
6041,497.8,Rural
6043,11.9,Rural
6045,24.8,Rural
6047,144.3,Rural
6049,2.3,Rural
6051,4.7,Rural
6053,132.5,Rural
6055,184.4,Rural
6057,104.6,Rural
6059,4019.8,Urban
6061,285.3,Rural
6063,7.4,Rural
6065,344.7,Rural
6067,1613.9,Urban
6069,45.6,Rural
6071,109.0,Rural
6073,795.1,Urban
6075,18825.8,Urban
6077,550.2,Urban
6079,86.1,Rural
6081,1707.9,Urban
6083,163.6,Rural
6085,1491.6,Urban
6087,614.4,Urban
6089,47.9,Rural
6091,3.2,Rural
6093,7.0,Rural
6095,546.5,Urban
6097,313.8,Rural
6099,369.7,Rural
6101,161.5,Rural
6103,22.1,Rural
6105,3.8,Rural
6107,96.8,Rural
6109,24.7,Rural
6111,459.6,Rural
6113,218.0,Rural
6115,125.3,Rural
8001,444.8,Rural
8003,22.7,Rural
8005,824.0,Urban
8007,10.5,Rural
8009,1.4,Rural
8011,3.7,Rural
8013,450.8,Rural
8014,2143.6,Urban
8015,20.2,Rural
8017,1.0,Rural
8019,24.6,Rural
8021,6.4,Rural
8023,3.2,Rural
8025,7.8,Rural
8027,6.9,Rural
8029,27.5,Rural
8031,4767.0,Urban
8033,1.9,Rural
8035,420.5,Rural
8037,32.8,Rural
8039,14.5,Rural
8041,340.8,Rural
8043,31.3,Rural
8045,20.4,Rural
8047,42.0,Rural
8049,8.5,Rural
8051,5.4,Rural
8053,0.7,Rural
8055,4.4,Rural
8057,0.9,Rural
8059,765.1,Urban
8061,0.8,Rural
8063,3.3,Rural
8065,21.7,Rural
8067,33.4,Rural
8069,138.4,Rural
8071,3.1,Rural
8073,2.2,Rural
8075,12.1,Rural
8077,46.6,Rural
8079,0.9,Rural
8081,2.8,Rural
8083,13.0,Rural
8085,19.2,Rural
8087,22.7,Rural
8089,14.5,Rural
8091,9.2,Rural
8093,8.7,Rural
8095,6.2,Rural
8097,18.2,Rural
8099,7.4,Rural
8101,70.9,Rural
8103,2.0,Rural
8105,12.4,Rural
8107,10.9,Rural
8109,2.2,Rural
8111,1.9,Rural
8113,6.4,Rural
8115,4.1,Rural
8117,51.1,Rural
8119,45.9,Rural
8121,2.0,Rural
8123,82.0,Rural
8125,4.2,Rural
9001,1508.4,Urban
9003,1212.9,Urban
9005,196.0,Rural
9007,440.3,Rural
9009,1414.2,Urban
9011,399.1,Rural
9013,367.8,Rural
9015,228.1,Rural
10001,310.1,Rural
10003,1315.2,Urban
10005,252.5,Rural
11001,11564.4,Urban
12001,308.6,Rural
12003,50.3,Rural
12005,228.7,Rural
12007,97.2,Rural
12009,597.7,Urban
12011,1616.2,Urban
12013,24.8,Rural
12015,280.9,Rural
12017,260.2,Rural
12019,365.3,Rural
12021,194.1,Rural
12023,90.5,Rural
12027,59.8,Rural
12029,24.0,Rural
12031,1261.9,Urban
12033,487.1,Rural
12035,239.8,Rural
12037,23.0,Rural
12039,88.4,Rural
12041,53.5,Rural
12043,17.3,Rural
12045,25.7,Rural
12047,28.1,Rural
12049,42.2,Rural
12051,36.5,Rural
12053,414.9,Rural
12055,105.3,Rural
12057,1444.2,Urban
12059,41.2,Rural
12061,321.2,Rural
12063,51.3,Rural
12065,23.9,Rural
12067,15.3,Rural
12069,396.2,Rural
12071,990.9,Urban
12073,441.5,Rural
12075,37.4,Rural
12077,10.0,Rural
12079,26.6,Rural
12081,548.6,Urban
12083,233.0,Rural
12085,298.1,Rural
12086,1434.0,Urban
12087,75.4,Rural
12089,138.4,Rural
12091,228.0,Rural
12093,55.0,Rural
12095,1546.1,Urban
12097,285.1,Rural
12099,762.5,Urban
12101,750.4,Urban
12103,3579.0,Urban
12105,407.4,Rural
12107,103.0,Rural
12109,447.7,Rural
12111,580.5,Urban
12113,184.2,Rural
12115,787.8,Urban
12117,1531.4,Urban
12119,246.1,Rural
12121,64.7,Rural
12123,20.7,Rural
12125,61.6,Rural
12127,507.1,Urban
12129,56.4,Rural
12131,72.7,Rural
12133,44.1,Rural
13001,36.3,Rural
13003,24.1,Rural
13005,43.2,Rural
13007,8.8,Rural
13009,174.5,Rural
13011,83.4,Rural
13013,523.8,Urban
13015,235.7,Rural
13017,66.6,Rural
13019,43.1,Rural
13021,614.6,Urban
13023,59.9,Rural
13025,43.3,Rural
13027,31.1,Rural
13029,91.9,Rural
13031,119.7,Rural
13033,27.1,Rural
13035,136.7,Rural
13037,22.0,Rural
13039,89.6,Rural
13043,44.6,Rural
13045,241.7,Rural
13047,418.8,Rural
13049,17.5,Rural
13051,679.3,Urban
13053,44.1,Rural
13055,79.2,Rural
13057,618.4,Urban
13059,1079.3,Urban
13061,14.5,Rural
13063,2074.8,Urban
13065,8.3,Rural
13067,2242.5,Urban
13069,75.5,Rural
13071,84.2,Rural
13073,543.8,Urban
13075,76.2,Rural
13077,338.8,Rural
13079,38.3,Rural
13081,82.0,Rural
13083,92.8,Rural
13085,125.3,Rural
13087,44.2,Rural
13089,2837.4,Urban
13091,41.5,Rural
13093,34.1,Rural
13095,269.8,Rural
13097,735.1,Urban
13099,19.9,Rural
13101,9.7,Rural
13103,136.0,Rural
13105,54.8,Rural
13107,33.4,Rural
13109,58.4,Rural
13111,68.3,Rural
13113,591.7,Urban
13115,193.6,Rural
13117,1100.8,Urban
13119,89.7,Rural
13121,2026.3,Urban
13123,74.1,Rural
13125,20.7,Rural
13127,204.1,Rural
13129,163.5,Rural
13131,54.2,Rural
13133,47.7,Rural
13135,2181.8,Urban
13137,164.1,Rural
13139,523.3,Urban
13141,18.0,Rural
13143,106.2,Rural
13145,76.5,Rural
13147,113.4,Rural
13149,40.5,Rural
13151,734.3,Urban
13153,422.7,Rural
13155,26.8,Rural
13157,217.5,Rural
13159,38.8,Rural
13161,45.7,Rural
13163,29.2,Rural
13165,24.9,Rural
13167,31.8,Rural
13169,73.2,Rural
13171,104.6,Rural
13173,56.3,Rural
13175,59.1,Rural
13177,84.6,Rural
13179,125.5,Rural
13181,37.8,Rural
13183,49.1,Rural
13185,237.3,Rural
13187,120.1,Rural
13189,82.8,Rural
13191,34.1,Rural
13193,32.2,Rural
13195,106.4,Rural
13197,22.9,Rural
13199,42.3,Rural
13201,20.2,Rural
13205,42.6,Rural
13207,70.1,Rural
13209,38.5,Rural
13211,56.0,Rural
13213,116.7,Rural
13215,906.1,Urban
13217,413.2,Rural
13219,220.3,Rural
13221,35.0,Rural
13223,545.2,Urban
13225,184.2,Rural
13227,141.5,Rural
13229,61.8,Rural
13231,88.5,Rural
13233,137.7,Rural
13235,44.8,Rural
13237,64.5,Rural
13239,15.3,Rural
13241,46.7,Rural
13243,15.8,Rural
13245,626.1,Urban
13247,703.1,Urban
13249,31.5,Rural
13251,21.7,Rural
13253,34.3,Rural
13255,341.2,Rural
13257,145.1,Rural
13259,14.3,Rural
13261,61.0,Rural
13263,15.9,Rural
13265,7.9,Rural
13267,52.6,Rural
13269,21.3,Rural
13271,36.1,Rural
13273,25.4,Rural
13275,81.7,Rural
13277,157.4,Rural
13279,73.8,Rural
13281,73.0,Rural
13283,34.8,Rural
13285,168.7,Rural
13287,28.1,Rural
13289,22.7,Rural
13291,77.2,Rural
13293,81.7,Rural
13295,156.8,Rural
13297,292.9,Rural
13299,40.2,Rural
13301,18.5,Rural
13303,30.1,Rural
13305,46.8,Rural
13307,12.5,Rural
13309,26.5,Rural
13311,129.2,Rural
13313,360.4,Rural
13315,22.7,Rural
13317,20.9,Rural
13319,20.1,Rural
13321,35.5,Rural
15001,50.1,Rural
15003,1618.0,Urban
15005,7.3,Rural
15007,116.9,Rural
15009,144.3,Rural
16001,462.8,Rural
16003,3.2,Rural
16005,79.3,Rural
16007,6.3,Rural
16009,12.0,Rural
16011,22.4,Rural
16013,8.7,Rural
16015,4.2,Rural
16017,26.6,Rural
16019,64.2,Rural
16021,9.7,Rural
16023,1.2,Rural
16025,1.0,Rural
16027,395.0,Rural
16029,4.1,Rural
16031,9.4,Rural
16033,0.5,Rural
16035,3.6,Rural
16037,0.9,Rural
16039,9.0,Rural
16041,21.0,Rural
16043,7.0,Rural
16045,32.6,Rural
16047,20.9,Rural
16049,2.0,Rural
16051,27.5,Rural
16053,40.9,Rural
16055,134.6,Rural
16057,37.4,Rural
16059,1.8,Rural
16061,8.0,Rural
16063,4.4,Rural
16065,84.6,Rural
16067,27.9,Rural
16069,47.8,Rural
16071,3.8,Rural
16073,1.5,Rural
16075,59.3,Rural
16077,5.5,Rural
16079,4.9,Rural
16081,27.2,Rural
16083,45.4,Rural
16085,3.1,Rural
16087,7.1,Rural
17001,76.6,Rural
17003,24.2,Rural
17005,43.3,Rural
17007,191.0,Rural
17009,21.6,Rural
17011,37.6,Rural
17013,18.6,Rural
17015,32.2,Rural
17017,32.1,Rural
17019,209.9,Rural
17021,45.5,Rural
17023,30.7,Rural
17025,28.2,Rural
17027,79.3,Rural
17029,99.7,Rural
17031,5439.1,Urban
17033,42.1,Rural
17035,31.2,Rural
17037,166.4,Rural
17039,39.3,Rural
17041,46.7,Rural
17043,2813.7,Urban
17045,27.5,Rural
17047,28.7,Rural
17049,71.1,Rural
17051,29.8,Rural
17053,26.7,Rural
17055,94.1,Rural
17057,39.6,Rural
17059,14.9,Rural
17061,23.9,Rural
17063,122.5,Rural
17065,18.7,Rural
17067,22.3,Rural
17069,21.6,Rural
17071,17.5,Rural
17073,59.5,Rural
17075,24.3,Rural
17077,96.9,Rural
17079,19.5,Rural
17081,66.0,Rural
17083,59.1,Rural
17085,35.3,Rural
17087,36.4,Rural
17089,1025.1,Urban
17091,162.2,Rural
17093,404.3,Rural
17095,69.2,Rural
17097,1568.7,Urban
17099,95.9,Rural
17101,42.1,Rural
17103,47.0,Rural
17105,34.2,Rural
17107,46.4,Rural
17109,50.2,Rural
17111,511.1,Urban
17113,144.7,Rural
17115,179.1,Rural
17117,52.1,Rural
17119,367.9,Rural
17121,65.1,Rural
17123,29.6,Rural
17125,24.8,Rural
17127,58.0,Rural
17129,38.8,Rural
17131,27.6,Rural
17133,90.3,Rural
17135,40.3,Rural
17137,59.0,Rural
17139,43.3,Rural
17141,66.9,Rural
17143,288.5,Rural
17145,47.3,Rural
17147,37.3,Rural
17149,18.7,Rural
17151,11.4,Rural
17153,26.7,Rural
17155,35.9,Rural
17157,55.2,Rural
17159,43.2,Rural
17161,331.8,Rural
17163,394.2,Rural
17165,61.9,Rural
17167,223.9,Rural
17169,15.5,Rural
17171,19.7,Rural
17173,28.5,Rural
17175,18.6,Rural
17177,78.8,Rural
17179,203.1,Rural
17181,40.3,Rural
17183,84.2,Rural
17185,51.6,Rural
17187,31.0,Rural
17189,24.7,Rural
17191,22.7,Rural
17193,27.4,Rural
17195,80.6,Rural
17197,826.7,Urban
17199,158.7,Rural
17201,550.2,Urban
17203,72.9,Rural
18001,105.7,Rural
18003,578.6,Urban
18005,205.9,Rural
18007,21.5,Rural
18009,71.2,Rural
18011,161.4,Rural
18013,48.6,Rural
18015,54.5,Rural
18017,91.5,Rural
18019,318.7,Rural
18021,73.4,Rural
18023,80.1,Rural
18025,34.6,Rural
18027,77.6,Rural
18029,162.5,Rural
18031,71.4,Rural
18033,120.2,Rural
18035,291.5,Rural
18037,100.0,Rural
18039,446.0,Rural
18041,107.5,Rural
18043,532.8,Urban
18045,41.3,Rural
18047,59.2,Rural
18049,54.3,Rural
18051,69.0,Rural
18053,158.9,Rural
18055,58.8,Rural
18057,863.4,Urban
18059,257.1,Rural
18061,84.1,Rural
18063,421.4,Rural
18065,122.8,Rural
18067,282.4,Rural
18069,95.6,Rural
18071,86.9,Rural
18073,60.1,Rural
18075,53.2,Rural
18077,89.9,Rural
18079,73.8,Rural
18081,496.3,Rural
18083,71.2,Rural
18085,149.7,Rural
18087,104.3,Rural
18089,974.6,Urban
18091,184.0,Rural
18093,101.2,Rural
18095,287.5,Rural
18097,2431.7,Urban
18099,104.2,Rural
18101,30.6,Rural
18103,94.9,Rural
18105,376.2,Rural
18107,76.1,Rural
18109,174.9,Rural
18111,34.9,Rural
18113,116.5,Rural
18115,68.1,Rural
18117,49.4,Rural
18119,54.1,Rural
18121,38.1,Rural
18123,50.5,Rural
18125,37.2,Rural
18127,409.0,Rural
18129,62.1,Rural
18131,28.4,Rural
18133,78.7,Rural
18135,54.5,Rural
18137,63.6,Rural
18139,40.7,Rural
18141,594.1,Urban
18143,125.9,Rural
18145,109.1,Rural
18147,51.1,Rural
18149,74.5,Rural
18151,112.3,Rural
18153,46.3,Rural
18155,48.8,Rural
18157,391.0,Rural
18159,58.2,Rural
18161,43.8,Rural
18163,778.3,Urban
18165,60.4,Rural
18167,265.4,Rural
18169,75.3,Rural
18171,22.7,Rural
18173,164.3,Rural
18175,54.7,Rural
18177,164.1,Rural
18179,77.1,Rural
18181,47.7,Rural
18183,101.4,Rural
19001,12.6,Rural
19003,8.5,Rural
19005,21.4,Rural
19007,25.0,Rural
19009,12.4,Rural
19011,35.9,Rural
19013,232.1,Rural
19015,46.0,Rural
19017,57.7,Rural
19019,37.1,Rural
19021,34.0,Rural
19023,24.9,Rural
19025,17.0,Rural
19027,35.4,Rural
19029,22.7,Rural
19031,32.3,Rural
19033,74.7,Rural
19035,19.5,Rural
19037,23.6,Rural
19039,21.8,Rural
19041,28.2,Rural
19043,22.6,Rural
19045,66.8,Rural
19047,23.5,Rural
19049,160.3,Rural
19051,17.9,Rural
19053,14.8,Rural
19055,29.4,Rural
19057,93.6,Rural
19059,45.5,Rural
19061,160.1,Rural
19063,23.2,Rural
19065,26.9,Rural
19067,31.2,Rural
19069,17.3,Rural
19071,13.6,Rural
19073,15.6,Rural
19075,24.4,Rural
19077,18.1,Rural
19079,25.6,Rural
19081,18.6,Rural
19083,29.5,Rural
19085,20.2,Rural
19087,46.0,Rural
19089,19.4,Rural
19091,22.0,Rural
19093,15.9,Rural
19095,27.6,Rural
19097,30.6,Rural
19099,51.0,Rural
19101,42.2,Rural
19103,246.7,Rural
19105,36.0,Rural
19107,17.7,Rural
19109,15.2,Rural
19111,65.1,Rural
19113,317.2,Rural
19115,27.4,Rural
19117,20.0,Rural
19119,20.0,Rural
19121,29.3,Rural
19123,38.7,Rural
19125,60.2,Rural
19127,68.8,Rural
19129,34.6,Rural
19131,22.6,Rural
19133,12.4,Rural
19135,17.8,Rural
19137,23.4,Rural
19139,97.5,Rural
19141,24.1,Rural
19143,14.9,Rural
19145,28.3,Rural
19147,15.7,Rural
19149,29.3,Rural
19151,11.4,Rural
19153,857.8,Urban
19155,98.2,Rural
19157,31.8,Rural
19159,9.2,Rural
19161,16.9,Rural
19163,378.3,Rural
19165,19.4,Rural
19167,45.4,Rural
19169,170.3,Rural
19171,23.4,Rural
19173,11.5,Rural
19175,28.9,Rural
19177,14.5,Rural
19179,81.0,Rural
19181,90.9,Rural
19183,38.7,Rural
19185,12.3,Rural
19187,50.0,Rural
19189,25.8,Rural
19191,29.0,Rural
19193,118.3,Rural
19195,18.5,Rural
19197,21.6,Rural
20001,24.7,Rural
20003,13.6,Rural
20005,37.3,Rural
20007,3.9,Rural
20009,28.7,Rural
20011,22.9,Rural
20013,16.8,Rural
20015,46.9,Rural
20017,3.4,Rural
20019,5.1,Rural
20021,33.9,Rural
20023,2.6,Rural
20025,2.1,Rural
20027,12.4,Rural
20029,12.3,Rural
20031,13.0,Rural
20033,2.2,Rural
20035,31.0,Rural
20037,65.9,Rural
20039,3.2,Rural
20041,21.8,Rural
20043,19.4,Rural
20045,269.1,Rural
20047,4.5,Rural
20049,3.9,Rural
20051,31.7,Rural
20053,8.5,Rural
20055,27.9,Rural
20057,30.4,Rural
20059,44.7,Rural
20061,80.8,Rural
20063,2.5,Rural
20065,2.8,Rural
20067,12.4,Rural
20069,6.9,Rural
20071,1.6,Rural
20073,5.2,Rural
20075,2.5,Rural
20077,6.8,Rural
20079,63.9,Rural
20081,6.9,Rural
20083,2.1,Rural
20085,20.1,Rural
20087,35.9,Rural
20089,3.2,Rural
20091,1276.3,Urban
20093,4.4,Rural
20095,8.3,Rural
20097,3.4,Rural
20099,30.3,Rural
20101,2.1,Rural
20103,177.0,Rural
20105,4.1,Rural
20107,16.4,Rural
20109,2.6,Rural
20111,39.2,Rural
20113,31.9,Rural
20115,12.6,Rural
20117,10.8,Rural
20119,4.1,Rural
20121,59.7,Rural
20123,8.5,Rural
20125,49.4,Rural
20127,8.1,Rural
20129,3.5,Rural
20131,14.3,Rural
20133,27.9,Rural
20135,2.6,Rural
20137,6.1,Rural
20139,22.7,Rural
20141,3.8,Rural
20143,7.9,Rural
20145,8.5,Rural
20147,5.9,Rural
20149,29.1,Rural
20151,12.4,Rural
20153,2.4,Rural
20155,49.4,Rural
20157,6.5,Rural
20159,13.2,Rural
20161,120.8,Rural
20163,5.5,Rural
20165,4.3,Rural
20167,7.7,Rural
20169,75.3,Rural
20171,6.7,Rural
20173,517.9,Urban
20175,33.0,Rural
20177,325.3,Rural
20179,2.8,Rural
20181,5.6,Rural
20183,4.0,Rural
20185,5.3,Rural
20187,2.9,Rural
20189,7.5,Rural
20191,19.3,Rural
20193,7.2,Rural
20195,3.2,Rural
20197,8.7,Rural
20199,1.7,Rural
20201,6.0,Rural
20203,2.9,Rural
20205,14.9,Rural
20207,6.3,Rural
20209,1090.4,Urban
21001,47.5,Rural
21003,62.2,Rural
21005,113.1,Rural
21007,32.0,Rural
21009,91.1,Rural
21011,44.9,Rural
21013,72.4,Rural
21015,543.5,Urban
21017,68.4,Rural
21019,291.9,Rural
21021,167.3,Rural
21023,40.4,Rural
21025,25.6,Rural
21027,36.3,Rural
21029,276.2,Rural
21031,30.3,Rural
21033,37.1,Rural
21035,101.8,Rural
21037,618.6,Urban
21039,25.2,Rural
21041,82.8,Rural
21043,65.3,Rural
21045,36.5,Rural
21047,98.2,Rural
21049,144.2,Rural
21051,42.4,Rural
21053,52.0,Rural
21055,24.5,Rural
21057,21.7,Rural
21059,222.2,Rural
21061,40.2,Rural
21063,32.2,Rural
21065,55.9,Rural
21067,1141.9,Urban
21069,41.9,Rural
21071,90.3,Rural
21073,246.2,Rural
21075,29.1,Rural
21077,88.1,Rural
21079,77.1,Rural
21081,97.4,Rural
21083,67.6,Rural
21085,53.4,Rural
21087,38.4,Rural
21089,101.9,Rural
21091,46.5,Rural
21093,178.8,Rural
21095,55.8,Rural
21097,61.8,Rural
21099,46.3,Rural
21101,103.5,Rural
21103,56.6,Rural
21105,18.0,Rural
21107,82.5,Rural
21109,38.7,Rural
21111,2019.3,Urban
21113,316.1,Rural
21115,84.7,Rural
21117,1044.0,Urban
21119,42.1,Rural
21121,80.6,Rural
21123,55.3,Rural
21125,140.5,Rural
21127,36.8,Rural
21129,35.2,Rural
21131,24.6,Rural
21133,63.6,Rural
21135,27.5,Rural
21137,73.6,Rural
21139,29.4,Rural
21141,49.2,Rural
21143,38.3,Rural
21145,263.5,Rural
21147,40.5,Rural
21149,36.5,Rural
21151,213.6,Rural
21153,39.4,Rural
21155,56.4,Rural
21157,103.5,Rural
21159,48.6,Rural
21161,71.2,Rural
21163,94.1,Rural
21165,32.0,Rural
21167,88.7,Rural
21169,34.8,Rural
21171,32.4,Rural
21173,143.3,Rural
21175,35.1,Rural
21177,65.5,Rural
21179,111.1,Rural
21181,37.4,Rural
21183,40.9,Rural
21185,357.0,Rural
21187,31.2,Rural
21189,22.4,Rural
21191,52.6,Rural
21193,75.5,Rural
21195,73.4,Rural
21197,69.4,Rural
21199,99.1,Rural
21201,21.2,Rural
21203,52.7,Rural
21205,87.5,Rural
21207,70.9,Rural
21209,204.0,Rural
21211,130.3,Rural
21213,79.9,Rural
21215,103.9,Rural
21217,97.0,Rural
21219,32.9,Rural
21221,33.3,Rural
21223,56.0,Rural
21225,42.0,Rural
21227,247.1,Rural
21229,41.0,Rural
21231,44.4,Rural
21233,39.0,Rural
21235,83.2,Rural
21237,32.2,Rural
21239,142.4,Rural
22001,94.6,Rural
22003,33.7,Rural
22005,438.3,Rural
22007,64.4,Rural
22009,48.2,Rural
22011,32.5,Rural
22013,16.3,Rural
22015,151.6,Rural
22017,272.7,Rural
22019,191.6,Rural
22021,18.7,Rural
22023,5.4,Rural
22025,13.4,Rural
22027,20.8,Rural
22029,27.5,Rural
22031,31.5,Rural
22033,964.4,Urban
22035,16.3,Rural
22037,42.2,Rural
22039,50.4,Rural
22041,32.0,Rural
22043,34.9,Rural
22045,121.2,Rural
22047,52.6,Rural
22049,27.7,Rural
22051,1462.2,Urban
22053,48.3,Rural
22055,911.1,Urban
22057,91.4,Rural
22059,23.9,Rural
22061,99.0,Rural
22063,218.0,Rural
22065,17.5,Rural
22067,31.2,Rural
22069,30.4,Rural
22071,2303.2,Urban
22073,250.7,Rural
22075,29.7,Rural
22077,39.0,Rural
22079,98.4,Rural
22081,21.7,Rural
22083,35.9,Rural
22085,27.6,Rural
22087,125.5,Rural
22089,190.7,Rural
22091,24.8,Rural
22093,87.1,Rural
22095,200.9,Rural
22097,88.8,Rural
22099,72.4,Rural
22101,88.4,Rural
22103,309.5,Rural
22105,170.9,Rural
22107,7.1,Rural
22109,89.5,Rural
22111,25.3,Rural
22113,50.7,Rural
22115,35.6,Rural
22117,69.1,Rural
22119,64.6,Rural
22121,138.0,Rural
22123,30.1,Rural
22125,38.7,Rural
22127,14.6,Rural
23001,231.7,Rural
23003,10.1,Rural
23005,354.1,Rural
23007,17.9,Rural
23009,34.8,Rural
23011,141.3,Rural
23013,109.3,Rural
23015,76.3,Rural
23017,28.0,Rural
23019,44.9,Rural
23021,4.3,Rural
23023,141.8,Rural
23025,12.9,Rural
23027,54.6,Rural
23029,12.3,Rural
23031,210.6,Rural
24001,166.1,Rural
24003,1400.2,Urban
24005,1384.3,Urban
24009,435.4,Rural
24011,104.9,Rural
24013,377.6,Rural
24015,297.8,Rural
24017,358.3,Rural
24019,59.1,Rural
24021,395.6,Rural
24023,44.9,Rural
24025,586.6,Urban
24027,1305.0,Urban
24029,70.2,Rural
24031,2140.9,Urban
24033,1881.0,Urban
24035,136.1,Rural
24037,318.5,Rural
24039,80.3,Rural
24041,138.7,Rural
24043,331.0,Rural
24045,277.7,Rural
24047,112.3,Rural
24510,7301.7,Urban
25001,542.4,Urban
25003,135.0,Rural
25005,1024.4,Urban
25007,168.2,Rural
25009,1605.0,Urban
25011,100.6,Rural
25013,757.1,Urban
25015,305.4,Rural
25017,1972.6,Urban
25019,254.5,Rural
25021,1788.2,Urban
25023,792.7,Urban
25025,13810.8,Urban
25027,550.9,Urban
26001,15.5,Rural
26003,10.0,Rural
26005,143.6,Rural
26007,49.7,Rural
26009,49.3,Rural
26011,41.1,Rural
26013,9.1,Rural
26015,111.7,Rural
26017,233.5,Rural
26019,55.8,Rural
26021,270.4,Rural
26023,86.1,Rural
26025,190.3,Rural
26027,105.9,Rural
26029,62.9,Rural
26031,35.4,Rural
26033,24.0,Rural
26035,55.1,Rural
26037,141.1,Rural
26039,25.3,Rural
26041,30.6,Rural
26043,33.2,Rural
26045,192.1,Rural
26047,71.8,Rural
26049,637.3,Urban
26051,50.9,Rural
26053,13.0,Rural
26055,201.1,Rural
26057,71.8,Rural
26059,76.3,Rural
26061,35.3,Rural
26063,37.1,Rural
26065,525.7,Urban
26067,113.5,Rural
26069,45.9,Rural
26071,9.5,Rural
26073,121.3,Rural
26075,226.2,Rural
26077,472.7,Rural
26079,32.4,Rural
26081,776.9,Urban
26083,4.0,Rural
26085,20.8,Rural
26087,136.4,Rural
26089,62.9,Rural
26091,131.7,Rural
26093,340.9,Rural
26095,6.9,Rural
26097,10.6,Rural
26099,1828.4,Urban
26101,45.5,Rural
26103,37.0,Rural
26105,59.0,Rural
26107,78.5,Rural
26109,21.9,Rural
26111,161.3,Rural
26113,26.8,Rural
26115,274.9,Rural
26117,90.8,Rural
26119,17.2,Rural
26121,347.4,Rural
26123,60.5,Rural
26125,1450.8,Urban
26127,51.8,Rural
26129,37.4,Rural
26131,4.4,Rural
26133,41.5,Rural
26135,14.6,Rural
26137,48.1,Rural
26139,519.6,Urban
26141,19.2,Rural
26143,46.5,Rural
26145,238.1,Rural
26147,221.3,Rural
26149,122.1,Rural
26151,42.8,Rural
26153,7.0,Rural
26155,128.6,Rural
26157,65.0,Rural
26159,124.8,Rural
26161,520.3,Urban
26163,2855.2,Urban
26165,59.7,Rural
27001,8.8,Rural
27003,846.5,Urban
27005,26.3,Rural
27007,18.9,Rural
27009,100.5,Rural
27011,10.0,Rural
27013,90.7,Rural
27015,40.9,Rural
27017,41.8,Rural
27019,298.1,Rural
27021,14.8,Rural
27023,20.3,Rural
27025,137.0,Rural
27027,61.5,Rural
27029,8.8,Rural
27031,3.8,Rural
27033,17.5,Rural
27035,65.4,Rural
27037,765.1,Urban
27039,47.8,Rural
27041,60.1,Rural
27043,19.2,Rural
27045,24.5,Rural
27047,42.9,Rural
27049,61.4,Rural
27051,11.0,Rural
27053,2290.6,Urban
27055,33.7,Rural
27057,23.4,Rural
27059,93.6,Rural
27061,16.9,Rural
27063,14.0,Rural
27065,31.4,Rural
27067,54.2,Rural
27069,3.9,Rural
27071,3.9,Rural
27073,8.7,Rural
27075,5.1,Rural
27077,2.9,Rural
27079,64.5,Rural
27081,10.5,Rural
27083,35.5,Rural
27085,73.2,Rural
27087,9.9,Rural
27089,5.3,Rural
27091,27.6,Rural
27093,38.3,Rural
27095,46.1,Rural
27097,29.8,Rural
27099,56.3,Rural
27101,11.6,Rural
27103,76.5,Rural
27105,30.2,Rural
27107,7.3,Rural
27109,243.0,Rural
27111,29.9,Rural
27113,22.9,Rural
27115,21.0,Rural
27117,19.5,Rural
27119,15.9,Rural
27121,16.9,Rural
27123,3618.9,Urban
27125,9.4,Rural
27127,17.3,Rural
27129,14.8,Rural
27131,135.2,Rural
27133,19.3,Rural
27135,9.1,Rural
27137,31.9,Rural
27139,419.9,Rural
27141,225.6,Rural
27143,25.3,Rural
27145,119.9,Rural
27147,85.5,Rural
27149,17.4,Rural
27151,12.5,Rural
27153,26.1,Rural
27155,5.7,Rural
27157,41.4,Rural
27159,25.6,Rural
27161,43.9,Rural
27163,686.4,Urban
27165,25.0,Rural
27167,8.3,Rural
27169,80.8,Rural
27171,210.1,Rural
27173,12.8,Rural
28001,66.1,Rural
28003,92.7,Rural
28005,16.8,Rural
28007,24.7,Rural
28009,20.4,Rural
28011,34.8,Rural
28013,24.5,Rural
28015,15.8,Rural
28017,34.2,Rural
28019,19.7,Rural
28021,18.3,Rural
28023,22.5,Rural
28025,47.0,Rural
28027,39.7,Rural
28029,36.1,Rural
28031,45.0,Rural
28033,390.9,Rural
28035,160.8,Rural
28037,13.7,Rural
28039,51.6,Rural
28041,18.7,Rural
28043,49.2,Rural
28045,101.0,Rural
28047,364.2,Rural
28049,265.5,Rural
28051,22.4,Rural
28053,19.2,Rural
28055,3.2,Rural
28057,44.0,Rural
28059,199.3,Rural
28061,24.2,Rural
28063,13.4,Rural
28065,27.2,Rural
28067,98.1,Rural
28069,12.8,Rural
28071,86.3,Rural
28073,127.9,Rural
28075,104.9,Rural
28077,29.2,Rural
28079,39.1,Rural
28081,190.2,Rural
28083,47.4,Rural
28085,58.3,Rural
28087,115.9,Rural
28089,149.4,Rural
28091,45.2,Rural
28093,50.0,Rural
28095,46.1,Rural
28097,24.0,Rural
28099,51.0,Rural
28101,36.3,Rural
28103,14.9,Rural
28105,108.7,Rural
28107,49.9,Rural
28109,68.8,Rural
28111,18.5,Rural
28113,96.2,Rural
28115,64.8,Rural
28117,60.8,Rural
28119,16.7,Rural
28121,200.6,Rural
28123,46.0,Rural
28125,10.0,Rural
28127,45.3,Rural
28129,25.0,Rural
28131,41.6,Rural
28133,35.3,Rural
28135,21.4,Rural
28137,70.3,Rural
28139,48.1,Rural
28141,45.8,Rural
28143,21.1,Rural
28145,69.5,Rural
28147,35.4,Rural
28149,77.0,Rural
28151,60.1,Rural
28153,24.9,Rural
28155,23.1,Rural
28157,12.7,Rural
28159,29.6,Rural
28161,25.9,Rural
28163,32.1,Rural
29001,44.6,Rural
29003,41.1,Rural
29005,9.4,Rural
29007,36.7,Rural
29009,46.2,Rural
29011,19.9,Rural
29013,19.4,Rural
29015,27.8,Rural
29017,19.6,Rural
29019,264.2,Rural
29021,214.0,Rural
29023,61.3,Rural
29025,21.2,Rural
29027,53.6,Rural
29029,70.9,Rural
29031,136.7,Rural
29033,12.5,Rural
29035,11.7,Rural
29037,152.6,Rural
29039,30.4,Rural
29041,9.9,Rural
29043,158.4,Rural
29045,13.5,Rural
29047,632.7,Urban
29049,48.7,Rural
29051,195.2,Rural
29053,31.4,Rural
29055,32.2,Rural
29057,15.5,Rural
29059,31.3,Rural
29061,14.7,Rural
29063,29.9,Rural
29065,20.7,Rural
29067,16.2,Rural
29069,53.6,Rural
29071,113.0,Rural
29073,28.5,Rural
29075,13.4,Rural
29077,435.7,Rural
29079,22.5,Rural
29081,11.6,Rural
29083,31.4,Rural
29085,24.1,Rural
29087,9.5,Rural
29089,21.6,Rural
29091,43.3,Rural
29093,18.4,Rural
29095,1164.7,Urban
29097,190.6,Rural
29099,343.5,Rural
29101,65.3,Rural
29103,7.9,Rural
29105,46.8,Rural
29107,52.2,Rural
29109,62.9,Rural
29111,19.3,Rural
29113,95.0,Rural
29115,19.4,Rural
29117,28.7,Rural
29119,42.4,Rural
29121,18.9,Rural
29123,24.5,Rural
29125,16.5,Rural
29127,65.4,Rural
29129,8.0,Rural
29131,43.4,Rural
29133,31.9,Rural
29135,38.9,Rural
29137,13.4,Rural
29139,21.6,Rural
29141,34.6,Rural
29143,25.2,Rural
29145,93.4,Rural
29147,25.2,Rural
29149,13.4,Rural
29151,22.6,Rural
29153,12.3,Rural
29155,31.8,Rural
29157,40.3,Rural
29159,62.1,Rural
29161,66.4,Rural
29163,27.3,Rural
29165,249.9,Rural
29167,50.8,Rural
29169,96.1,Rural
29171,9.1,Rural
29173,22.0,Rural
29175,51.2,Rural
29177,40.6,Rural
29179,7.8,Rural
29181,21.1,Rural
29183,720.4,Urban
29185,14.1,Rural
29186,36.0,Rural
29187,149.3,Rural
29189,1959.9,Urban
29195,30.1,Rural
29197,15.2,Rural
29199,11.2,Rural
29201,91.1,Rural
29203,8.1,Rural
29205,11.9,Rural
29207,35.3,Rural
29209,69.2,Rural
29211,9.4,Rural
29213,89.0,Rural
29215,21.6,Rural
29217,24.9,Rural
29219,83.7,Rural
29221,32.6,Rural
29223,16.9,Rural
29225,67.0,Rural
29227,7.6,Rural
29229,27.0,Rural
29510,4823.9,Urban
30001,1.7,Rural
30003,2.6,Rural
30005,1.6,Rural
30007,5.3,Rural
30009,5.3,Rural
30011,0.4,Rural
30013,30.2,Rural
30015,1.4,Rural
30017,3.0,Rural
30019,1.2,Rural
30021,3.6,Rural
30023,12.5,Rural
30025,1.7,Rural
30027,2.5,Rural
30029,20.6,Rural
30031,44.4,Rural
30033,0.3,Rural
30035,4.6,Rural
30037,0.7,Rural
30039,2.0,Rural
30041,5.7,Rural
30043,7.4,Rural
30045,1.1,Rural
30047,20.5,Rural
30049,20.2,Rural
30051,1.6,Rural
30053,5.6,Rural
30055,0.6,Rural
30057,2.4,Rural
30059,0.8,Rural
30061,3.6,Rural
30063,46.3,Rural
30065,2.5,Rural
30067,6.0,Rural
30069,0.3,Rural
30071,0.8,Rural
30073,3.6,Rural
30075,0.5,Rural
30077,3.0,Rural
30079,0.6,Rural
30081,18.5,Rural
30083,5.2,Rural
30085,4.7,Rural
30087,1.8,Rural
30089,4.4,Rural
30091,2.0,Rural
30093,48.8,Rural
30095,5.4,Rural
30097,2.0,Rural
30099,2.7,Rural
30101,2.5,Rural
30103,0.7,Rural
30105,1.5,Rural
30107,1.5,Rural
30109,1.1,Rural
30111,61.5,Rural
31001,55.5,Rural
31003,7.3,Rural
31005,0.7,Rural
31007,1.0,Rural
31009,0.7,Rural
31011,7.6,Rural
31013,10.0,Rural
31015,3.6,Rural
31017,2.4,Rural
31019,51.5,Rural
31021,13.2,Rural
31023,13.7,Rural
31025,47.2,Rural
31027,11.3,Rural
31029,4.4,Rural
31031,1.0,Rural
31033,7.4,Rural
31035,10.9,Rural
31037,25.9,Rural
31039,15.5,Rural
31041,4.2,Rural
31043,75.7,Rural
31045,6.1,Rural
31047,23.2,Rural
31049,4.1,Rural
31051,11.8,Rural
31053,69.2,Rural
31055,1742.0,Urban
31057,1.8,Rural
31059,9.5,Rural
31061,5.2,Rural
31063,2.7,Rural
31065,6.5,Rural
31067,25.3,Rural
31069,1.1,Rural
31071,3.5,Rural
31073,4.3,Rural
31075,0.8,Rural
31077,4.1,Rural
31079,112.3,Rural
31081,17.2,Rural
31083,6.1,Rural
31085,1.3,Rural
31087,3.9,Rural
31089,4.2,Rural
31091,1.0,Rural
31093,11.4,Rural
31095,12.4,Rural
31097,13.5,Rural
31099,12.6,Rural
31101,7.6,Rural
31103,1.0,Rural
31105,3.8,Rural
31107,7.5,Rural
31109,382.4,Rural
31111,13.6,Rural
31113,1.3,Rural
31115,1.2,Rural
31117,0.6,Rural
31119,61.4,Rural
31121,16.0,Rural
31123,3.2,Rural
31125,8.0,Rural
31127,17.1,Rural
31129,7.2,Rural
31131,26.0,Rural
31133,6.1,Rural
31135,3.3,Rural
31137,16.7,Rural
31139,12.5,Rural
31141,49.7,Rural
31143,11.9,Rural
31145,15.0,Rural
31147,14.3,Rural
31149,1.3,Rural
31151,24.7,Rural
31153,787.2,Urban
31155,28.9,Rural
31157,48.1,Rural
31159,30.3,Rural
31161,2.2,Rural
31163,5.3,Rural
31165,0.6,Rural
31167,13.8,Rural
31169,8.7,Rural
31171,1.0,Rural
31173,18.4,Rural
31175,7.3,Rural
31177,53.5,Rural
31179,21.4,Rural
31181,6.1,Rural
31183,1.4,Rural
31185,23.9,Rural
32001,5.1,Rural
32003,289.6,Rural
32005,69.4,Rural
32007,3.1,Rural
32009,0.2,Rural
32011,0.5,Rural
32013,1.7,Rural
32015,1.0,Rural
32017,0.5,Rural
32019,29.1,Rural
32021,1.2,Rural
32023,2.6,Rural
32027,1.1,Rural
32029,15.9,Rural
32031,75.4,Rural
32033,1.1,Rural
32510,389.5,Rural
33001,153.7,Rural
33003,52.9,Rural
33005,108.1,Rural
33007,17.7,Rural
33009,52.7,Rural
33011,476.6,Rural
33013,162.6,Rural
33015,447.6,Rural
33017,354.7,Rural
33019,80.5,Rural
34001,475.9,Rural
34003,4014.4,Urban
34005,559.0,Urban
34007,2292.7,Urban
34009,366.8,Rural
34011,308.8,Rural
34013,6338.1,Urban
34015,908.1,Urban
34017,14566.3,Urban
34019,291.0,Rural
34021,1639.4,Urban
34023,2676.3,Urban
34025,1322.5,Urban
34027,1071.2,Urban
34029,970.9,Urban
34031,2716.4,Urban
34033,187.9,Rural
34035,1093.3,Urban
34037,271.0,Rural
34039,5417.7,Urban
34041,295.6,Rural
35001,585.9,Urban
35003,0.5,Rural
35005,10.6,Rural
35006,5.9,Rural
35007,3.2,Rural
35009,34.7,Rural
35011,0.8,Rural
35013,57.4,Rural
35015,14.0,Rural
35017,6.8,Rural
35019,1.4,Rural
35021,0.3,Rural
35023,1.2,Rural
35025,16.2,Rural
35027,4.1,Rural
35028,178.8,Rural
35029,8.0,Rural
35031,13.1,Rural
35033,2.3,Rural
35035,10.2,Rural
35037,2.9,Rural
35039,6.6,Rural
35041,7.5,Rural
35043,39.8,Rural
35045,22.3,Rural
35047,5.8,Rural
35049,79.0,Rural
35051,2.6,Rural
35053,2.5,Rural
35055,14.9,Rural
35057,4.6,Rural
35059,1.1,Rural
35061,72.2,Rural
36001,585.0,Urban
36003,44.8,Rural
36005,33597.3,Urban
36007,269.6,Rural
36009,58.2,Rural
36011,110.7,Rural
36013,119.9,Rural
36015,204.9,Rural
36017,52.9,Rural
36019,77.6,Rural
36021,93.8,Rural
36023,95.5,Rural
36025,30.6,Rural
36027,370.5,Rural
36029,882.5,Urban
36031,20.6,Rural
36033,30.7,Rural
36035,107.8,Rural
36037,116.3,Rural
36039,73.0,Rural
36041,2.6,Rural
36043,43.5,Rural
36045,86.2,Rural
36047,36095.7,Urban
36049,20.6,Rural
36051,99.7,Rural
36053,108.3,Rural
36055,1129.6,Urban
36057,122.3,Rural
36059,4771.8,Urban
36061,71389.7,Urban
36063,401.4,Rural
36065,188.7,Rural
36067,592.0,Urban
36069,171.0,Rural
36071,475.3,Rural
36073,103.0,Rural
36075,123.2,Rural
36077,59.4,Rural
36079,427.3,Rural
36081,20747.5,Urban
36083,243.6,Rural
36085,8172.4,Urban
36087,1879.5,Urban
36089,40.2,Rural
36091,284.6,Rural
36093,760.7,Urban
36095,49.9,Rural
36097,54.4,Rural
36099,105.2,Rural
36101,68.5,Rural
36103,1620.0,Urban
36105,78.1,Rural
36107,93.0,Rural
36109,215.7,Rural
36111,158.2,Rural
36113,73.9,Rural
36115,73.7,Rural
36117,148.9,Rural
36119,2249.1,Urban
36121,67.2,Rural
36123,73.5,Rural
37001,402.3,Rural
37003,144.8,Rural
37005,47.6,Rural
37007,46.3,Rural
37009,64.3,Rural
37011,71.3,Rural
37013,57.0,Rural
37015,27.0,Rural
37017,37.4,Rural
37019,171.3,Rural
37021,399.5,Rural
37023,178.8,Rural
37025,602.9,Urban
37027,174.7,Rural
37029,45.5,Rural
37031,137.9,Rural
37033,53.3,Rural
37035,401.3,Rural
37037,110.3,Rural
37039,63.3,Rural
37041,81.0,Rural
37043,52.8,Rural
37045,211.8,Rural
37047,59.2,Rural
37049,144.3,Rural
37051,513.8,Urban
37053,107.3,Rural
37055,97.0,Rural
37057,304.7,Rural
37059,163.1,Rural
37061,71.9,Rural
37063,1127.3,Urban
37065,101.6,Rural
37067,940.2,Urban
37069,143.0,Rural
37071,634.2,Urban
37073,34.1,Rural
37075,29.0,Rural
37077,114.4,Rural
37079,79.3,Rural
37081,834.4,Urban
37083,68.9,Rural
37085,229.5,Rural
37087,113.3,Rural
37089,317.2,Rural
37091,66.8,Rural
37093,141.7,Rural
37095,8.1,Rural
37097,319.0,Rural
37099,89.7,Rural
37101,267.4,Rural
37103,20.1,Rural
37105,243.4,Rural
37107,139.6,Rural
37109,291.0,Rural
37111,104.3,Rural
37113,70.1,Rural
37115,48.7,Rural
37117,48.7,Rural
37119,2126.0,Urban
37121,67.8,Rural
37123,55.5,Rural
37125,145.6,Rural
37127,174.8,Rural
37129,1230.6,Urban
37131,36.2,Rural
37133,259.3,Rural
37135,373.6,Rural
37137,38.0,Rural
37139,176.2,Rural
37141,73.1,Rural
37143,54.7,Rural
37145,101.0,Rural
37147,278.0,Rural
37149,87.6,Rural
37151,184.1,Rural
37153,94.7,Rural
37155,137.4,Rural
37157,161.4,Rural
37159,279.1,Rural
37161,119.3,Rural
37163,67.4,Rural
37165,109.2,Rural
37167,159.7,Rural
37169,101.8,Rural
37171,135.1,Rural
37173,27.1,Rural
37175,91.5,Rural
37177,10.3,Rural
37179,382.4,Rural
37181,175.9,Rural
37183,1338.7,Urban
37185,46.1,Rural
37187,33.3,Rural
37189,180.6,Rural
37191,222.9,Rural
37193,90.9,Rural
37195,222.7,Rural
37197,112.8,Rural
37199,58.1,Rural
38001,2.2,Rural
38003,7.0,Rural
38005,4.9,Rural
38007,0.8,Rural
38009,3.8,Rural
38011,2.6,Rural
38013,1.9,Rural
38015,58.8,Rural
38017,103.7,Rural
38019,2.5,Rural
38021,4.3,Rural
38023,1.8,Rural
38025,2.2,Rural
38027,3.6,Rural
38029,2.1,Rural
38031,5.0,Rural
38033,1.8,Rural
38035,48.2,Rural
38037,1.4,Rural
38039,3.2,Rural
38041,2.2,Rural
38043,1.8,Rural
38045,3.5,Rural
38047,1.9,Rural
38049,3.1,Rural
38051,2.6,Rural
38053,5.6,Rural
38055,4.5,Rural
38057,7.8,Rural
38059,16.3,Rural
38061,5.8,Rural
38063,2.9,Rural
38065,2.7,Rural
38067,6.1,Rural
38069,3.9,Rural
38071,9.7,Rural
38073,6.1,Rural
38075,2.6,Rural
38077,11.3,Rural
38079,15.6,Rural
38081,4.5,Rural
38083,1.3,Rural
38085,3.8,Rural
38087,0.6,Rural
38089,23.7,Rural
38091,2.7,Rural
38093,9.3,Rural
38095,2.1,Rural
38097,9.3,Rural
38099,8.3,Rural
38101,33.5,Rural
38103,3.0,Rural
38105,18.3,Rural
39001,47.5,Rural
39003,254.1,Rural
39005,126.6,Rural
39007,138.6,Rural
39009,129.6,Rural
39011,113.9,Rural
39013,126.0,Rural
39015,88.8,Rural
39017,822.3,Urban
39019,68.2,Rural
39021,90.9,Rural
39023,337.6,Rural
39025,457.9,Rural
39027,102.8,Rural
39029,191.7,Rural
39031,65.0,Rural
39033,103.4,Rural
39035,2700.0,Urban
39037,85.5,Rural
39039,92.7,Rural
39041,474.9,Rural
39043,295.6,Rural
39045,313.6,Rural
39047,70.3,Rural
39049,2479.2,Urban
39051,104.0,Rural
39053,64.1,Rural
39055,234.3,Rural
39057,410.2,Rural
39059,74.5,Rural
39061,2017.0,Urban
39063,142.7,Rural
39065,66.8,Rural
39067,37.4,Rural
39069,64.9,Rural
39071,78.2,Rural
39073,67.2,Rural
39075,103.8,Rural
39077,118.7,Rural
39079,77.2,Rural
39081,160.1,Rural
39083,119.1,Rural
39085,1014.5,Urban
39087,131.4,Rural
39089,260.3,Rural
39091,99.9,Rural
39093,632.7,Urban
39095,1255.5,Urban
39097,96.5,Rural
39099,557.5,Urban
39101,161.1,Rural
39103,427.9,Rural
39105,53.4,Rural
39107,89.1,Rural
39109,264.3,Rural
39111,30.0,Rural
39113,1153.7,Urban
39115,34.9,Rural
39117,87.2,Rural
39119,130.0,Rural
39121,36.3,Rural
39123,159.4,Rural
39125,44.9,Rural
39127,88.7,Rural
39129,117.1,Rural
39131,63.2,Rural
39133,333.8,Rural
39135,96.5,Rural
39137,70.2,Rural
39139,245.5,Rural
39141,111.1,Rural
39143,143.3,Rural
39145,123.6,Rural
39147,100.2,Rural
39149,119.2,Rural
39151,645.4,Urban
39153,1312.7,Urban
39155,320.5,Rural
39157,162.2,Rural
39159,137.4,Rural
39161,69.2,Rural
39163,31.8,Rural
39165,587.8,Urban
39167,94.9,Rural
39169,208.6,Rural
39171,87.3,Rural
39173,212.3,Rural
39175,53.5,Rural
40001,38.6,Rural
40003,6.6,Rural
40005,14.1,Rural
40007,2.9,Rural
40009,24.2,Rural
40011,10.2,Rural
40013,53.4,Rural
40015,22.4,Rural
40017,166.9,Rural
40019,58.6,Rural
40021,65.1,Rural
40023,19.0,Rural
40025,1.2,Rural
40027,529.3,Urban
40029,10.6,Rural
40031,112.8,Rural
40033,8.9,Rural
40035,18.6,Rural
40037,75.4,Rural
40039,29.3,Rural
40041,58.5,Rural
40043,4.9,Rural
40045,3.1,Rural
40047,57.5,Rural
40049,34.6,Rural
40051,51.0,Rural
40053,4.3,Rural
40055,8.9,Rural
40057,4.9,Rural
40059,3.6,Rural
40061,21.9,Rural
40063,16.5,Rural
40065,30.5,Rural
40067,7.9,Rural
40069,17.2,Rural
40071,47.3,Rural
40073,17.6,Rural
40075,8.6,Rural
40077,13.9,Rural
40079,31.4,Rural
40081,36.7,Rural
40083,64.9,Rural
40085,20.0,Rural
40087,71.5,Rural
40089,17.7,Rural
40091,31.8,Rural
40093,8.0,Rural
40095,45.9,Rural
40097,62.8,Rural
40099,33.9,Rural
40101,83.9,Rural
40103,15.2,Rural
40105,17.7,Rural
40107,19.4,Rural
40109,1127.7,Urban
40111,55.2,Rural
40113,20.9,Rural
40115,66.1,Rural
40117,28.9,Rural
40119,119.3,Rural
40121,33.4,Rural
40123,53.1,Rural
40125,92.5,Rural
40127,8.0,Rural
40129,3.1,Rural
40131,137.4,Rural
40133,38.3,Rural
40135,61.6,Rural
40137,49.6,Rural
40139,9.7,Rural
40141,8.3,Rural
40143,1144.5,Urban
40145,145.5,Rural
40147,124.1,Rural
40149,10.9,Rural
40151,6.8,Rural
40153,16.2,Rural
41001,5.3,Rural
41003,137.8,Rural
41005,224.8,Rural
41007,48.9,Rural
41009,80.0,Rural
41011,40.7,Rural
41013,8.3,Rural
41015,14.2,Rural
41017,66.2,Rural
41019,22.2,Rural
41021,1.6,Rural
41023,1.6,Rural
41025,0.7,Rural
41027,44.9,Rural
41029,79.9,Rural
41031,13.9,Rural
41033,53.7,Rural
41035,11.5,Rural
41037,1.0,Rural
41039,84.4,Rural
41041,51.4,Rural
41043,57.0,Rural
41045,3.1,Rural
41047,295.9,Rural
41049,5.7,Rural
41051,1886.9,Urban
41053,117.1,Rural
41055,2.2,Rural
41057,24.7,Rural
41059,24.3,Rural
41061,13.2,Rural
41063,2.3,Rural
41065,11.3,Rural
41067,832.3,Urban
41069,0.8,Rural
41071,150.7,Rural
42001,199.0,Rural
42003,1667.2,Urban
42005,99.0,Rural
42007,377.6,Rural
42009,47.3,Rural
42011,492.3,Rural
42013,232.0,Rural
42015,52.6,Rural
42017,1042.1,Urban
42019,239.2,Rural
42021,189.2,Rural
42023,11.2,Rural
42025,169.0,Rural
42027,146.4,Rural
42029,701.0,Urban
42031,64.0,Rural
42033,69.3,Rural
42035,43.6,Rural
42037,134.9,Rural
42039,83.6,Rural
42041,466.6,Rural
42043,530.7,Urban
42045,3085.2,Urban
42047,36.2,Rural
42049,337.3,Rural
42051,163.7,Rural
42053,17.0,Rural
42055,201.3,Rural
42057,33.3,Rural
42059,62.7,Rural
42061,51.6,Rural
42063,101.7,Rural
42065,66.6,Rural
42067,63.4,Rural
42069,457.6,Rural
42071,579.0,Urban
42073,239.0,Rural
42075,393.3,Rural
42077,1071.6,Urban
42079,356.9,Rural
42081,92.3,Rural
42083,41.5,Rural
42085,162.8,Rural
42087,112.3,Rural
42089,281.1,Rural
42091,1725.4,Urban
42093,140.0,Rural
42095,828.9,Urban
42097,198.4,Rural
42099,84.1,Rural
42101,11806.1,Urban
42103,102.9,Rural
42105,15.3,Rural
42107,181.9,Rural
42109,123.0,Rural
42111,68.5,Rural
42113,13.5,Rural
42115,48.9,Rural
42117,35.9,Rural
42119,142.1,Rural
42121,75.1,Rural
42123,44.3,Rural
42125,242.1,Rural
42127,70.9,Rural
42129,340.3,Rural
42131,67.3,Rural
42133,498.0,Rural
44001,2008.6,Urban
44003,976.6,Urban
44005,801.5,Urban
44007,1560.7,Urban
44009,382.1,Rural
45001,50.1,Rural
45003,160.1,Rural
45005,21.1,Rural
45007,284.9,Rural
45009,35.7,Rural
45011,38.0,Rural
45013,335.6,Rural
45015,209.8,Rural
45017,38.2,Rural
45019,451.1,Rural
45021,146.4,Rural
45023,55.6,Rural
45025,57.1,Rural
45027,55.7,Rural
45029,35.8,Rural
45031,118.9,Rural
45033,75.4,Rural
45035,284.8,Rural
45037,54.7,Rural
45039,32.6,Rural
45041,172.9,Rural
45043,77.3,Rural
45045,670.4,Urban
45047,156.0,Rural
45049,34.3,Rural
45051,316.1,Rural
45053,46.2,Rural
45055,92.0,Rural
45057,180.5,Rural
45059,94.9,Rural
45061,40.7,Rural
45063,430.2,Rural
45065,26.4,Rural
45067,62.6,Rural
45069,54.3,Rural
45071,61.2,Rural
45073,127.8,Rural
45075,77.8,Rural
45077,257.0,Rural
45079,550.3,Urban
45081,45.4,Rural
45083,398.8,Rural
45085,160.6,Rural
45087,53.3,Rural
45089,32.4,Rural
45091,417.2,Rural
46003,3.9,Rural
46005,14.7,Rural
46007,2.8,Rural
46009,12.3,Rural
46011,44.3,Rural
46013,22.7,Rural
46015,6.5,Rural
46017,4.1,Rural
46019,4.7,Rural
46021,1.9,Rural
46023,8.5,Rural
46025,3.9,Rural
46027,34.2,Rural
46029,40.7,Rural
46031,1.6,Rural
46033,5.8,Rural
46035,45.4,Rural
46037,5.3,Rural
46039,7.0,Rural
46041,2.6,Rural
46043,6.8,Rural
46045,3.4,Rural
46047,3.9,Rural
46049,2.3,Rural
46051,10.3,Rural
46053,4.1,Rural
46055,1.1,Rural
46057,12.2,Rural
46059,2.2,Rural
46061,8.0,Rural
46063,0.5,Rural
46065,23.6,Rural
46067,9.0,Rural
46069,1.5,Rural
46071,1.8,Rural
46073,3.8,Rural
46075,0.9,Rural
46077,5.9,Rural
46079,22.8,Rural
46081,32.4,Rural
46083,107.0,Rural
46085,2.3,Rural
46087,9.7,Rural
46089,2.1,Rural
46091,5.9,Rural
46093,8.2,Rural
46095,1.6,Rural
46097,3.9,Rural
46099,240.6,Rural
46101,12.7,Rural
46102,6.7,Rural
46103,41.2,Rural
46105,1.0,Rural
46107,2.5,Rural
46109,9.5,Rural
46111,4.1,Rural
46115,4.2,Rural
46117,2.2,Rural
46119,1.4,Rural
46121,7.3,Rural
46123,3.4,Rural
46125,13.6,Rural
46127,34.8,Rural
46129,7.7,Rural
46135,43.9,Rural
46137,1.4,Rural
47001,229.6,Rural
47003,105.5,Rural
47005,41.2,Rural
47007,37.1,Rural
47009,239.6,Rural
47011,330.0,Rural
47013,83.0,Rural
47015,55.7,Rural
47017,46.4,Rural
47019,165.7,Rural
47021,134.8,Rural
47023,60.8,Rural
47025,73.8,Rural
47027,32.3,Rural
47029,83.2,Rural
47031,132.4,Rural
47033,53.6,Rural
47035,89.4,Rural
47037,1378.1,Urban
47039,35.0,Rural
47041,67.7,Rural
47043,110.8,Rural
47045,72.6,Rural
47047,58.6,Rural
47049,37.3,Rural
47051,76.4,Rural
47053,81.6,Rural
47055,48.4,Rural
47057,83.4,Rural
47059,111.3,Rural
47061,37.4,Rural
47063,403.9,Rural
47065,680.5,Urban
47067,29.8,Rural
47069,37.5,Rural
47071,44.6,Rural
47073,116.8,Rural
47075,32.4,Rural
47077,54.1,Rural
47079,57.7,Rural
47081,41.3,Rural
47083,41.2,Rural
47085,35.1,Rural
47087,38.4,Rural
47089,199.8,Rural
47091,59.8,Rural
47093,928.7,Urban
47095,43.1,Rural
47097,54.0,Rural
47099,71.9,Rural
47101,43.7,Rural
47103,60.4,Rural
47105,237.4,Rural
47107,125.5,Rural
47109,45.7,Rural
47111,80.7,Rural
47113,176.2,Rural
47115,58.3,Rural
47117,92.2,Rural
47119,158.5,Rural
47121,64.1,Rural
47123,73.6,Rural
47125,390.4,Rural
47127,50.3,Rural
47129,41.1,Rural
47131,55.2,Rural
47133,51.6,Rural
47135,19.6,Rural
47137,31.1,Rural
47139,38.8,Rural
47141,201.4,Rural
47143,105.8,Rural
47145,148.6,Rural
47147,151.3,Rural
47149,540.9,Urban
47151,41.6,Rural
47153,56.8,Rural
47155,166.5,Rural
47157,1226.8,Urban
47159,64.4,Rural
47161,30.0,Rural
47163,385.0,Rural
47165,363.9,Rural
47167,134.8,Rural
47169,98.5,Rural
47171,96.4,Rural
47173,89.9,Rural
47175,21.6,Rural
47177,95.8,Rural
47179,397.6,Rural
47181,22.8,Rural
47183,57.4,Rural
47185,73.1,Rural
47187,412.7,Rural
47189,255.6,Rural
48001,54.4,Rural
48003,12.6,Rural
48005,108.8,Rural
48007,93.3,Rural
48009,9.5,Rural
48011,2.1,Rural
48013,42.2,Rural
48015,46.6,Rural
48017,8.4,Rural
48019,29.5,Rural
48021,100.8,Rural
48023,4.1,Rural
48025,37.0,Rural
48027,347.0,Rural
48029,1623.1,Urban
48031,17.0,Rural
48033,0.7,Rural
48035,19.2,Rural
48037,105.7,Rural
48039,277.6,Rural
48041,393.0,Rural
48043,1.5,Rural
48045,1.7,Rural
48047,7.5,Rural
48049,40.2,Rural
48051,28.1,Rural
48053,48.9,Rural
48055,80.6,Rural
48057,41.9,Rural
48059,15.6,Rural
48061,475.4,Rural
48063,67.1,Rural
48065,6.4,Rural
48067,32.2,Rural
48069,8.4,Rural
48071,74.2,Rural
48073,50.2,Rural
48075,10.5,Rural
48077,9.6,Rural
48079,3.7,Rural
48081,3.7,Rural
48083,6.5,Rural
48085,1240.7,Urban
48087,3.2,Rural
48089,22.4,Rural
48091,284.0,Rural
48093,14.6,Rural
48095,3.1,Rural
48097,47.4,Rural
48099,72.3,Rural
48101,1.6,Rural
48103,6.1,Rural
48105,1.2,Rural
48107,6.4,Rural
48109,0.6,Rural
48111,4.8,Rural
48113,3024.1,Urban
48115,14.1,Rural
48117,12.4,Rural
48119,20.9,Rural
48121,1020.1,Urban
48123,22.2,Rural
48125,2.5,Rural
48127,7.6,Rural
48129,3.5,Rural
48131,6.2,Rural
48133,19.9,Rural
48135,186.2,Rural
48137,0.9,Rural
48139,199.7,Rural
48141,829.9,Urban
48143,39.7,Rural
48145,22.7,Rural
48147,40.2,Rural
48149,26.8,Rural
48151,4.3,Rural
48153,5.8,Rural
48155,1.6,Rural
48157,948.5,Urban
48159,37.7,Rural
48161,22.5,Rural
48163,17.8,Rural
48165,14.3,Rural
48167,908.6,Urban
48169,7.1,Rural
48171,25.7,Rural
48173,1.6,Rural
48175,9.0,Rural
48177,19.6,Rural
48179,23.5,Rural
48181,147.1,Rural
48183,455.0,Rural
48185,36.9,Rural
48187,236.7,Rural
48189,33.3,Rural
48191,3.4,Rural
48193,10.2,Rural
48195,5.8,Rural
48197,5.7,Rural
48199,64.9,Rural
48201,2766.8,Urban
48203,74.1,Rural
48205,3.8,Rural
48207,6.3,Rural
48209,343.5,Rural
48211,4.2,Rural
48213,95.3,Rural
48215,554.5,Urban
48217,38.5,Rural
48219,25.4,Rural
48221,148.6,Rural
48223,48.6,Rural
48225,18.7,Rural
48227,41.0,Rural
48229,1.1,Rural
48231,118.3,Rural
48233,23.6,Rural
48235,1.5,Rural
48237,9.8,Rural
48239,17.8,Rural
48241,38.0,Rural
48243,1.0,Rural
48245,286.9,Rural
48247,4.6,Rural
48249,46.7,Rural
48251,244.8,Rural
48253,21.7,Rural
48255,20.8,Rural
48257,177.2,Rural
48259,72.6,Rural
48261,0.3,Rural
48263,0.8,Rural
48265,47.9,Rural
48267,3.5,Rural
48269,0.3,Rural
48271,2.7,Rural
48273,34.9,Rural
48275,4.3,Rural
48277,55.1,Rural
48279,12.7,Rural
48281,30.3,Rural
48283,5.1,Rural
48285,20.8,Rural
48287,27.5,Rural
48289,16.3,Rural
48291,77.0,Rural
48293,26.0,Rural
48295,3.4,Rural
48297,11.8,Rural
48299,23.6,Rural
48301,0.3,Rural
48303,348.0,Rural
48305,6.7,Rural
48307,7.5,Rural
48309,248.5,Rural
48311,0.7,Rural
48313,30.7,Rural
48315,25.9,Rural
48317,6.4,Rural
48319,4.6,Rural
48321,33.3,Rural
48323,45.9,Rural
48325,39.1,Rural
48327,2.4,Rural
48329,197.8,Rural
48331,24.5,Rural
48333,6.5,Rural
48335,9.3,Rural
48337,21.4,Rural
48339,588.7,Urban
48341,23.3,Rural
48343,49.4,Rural
48345,1.2,Rural
48347,69.0,Rural
48349,49.9,Rural
48351,14.5,Rural
48353,16.1,Rural
48355,432.3,Rural
48357,10.7,Rural
48359,1.4,Rural
48361,250.0,Rural
48363,30.8,Rural
48365,29.0,Rural
48367,160.1,Rural
48369,10.9,Rural
48371,3.3,Rural
48373,49.0,Rural
48375,129.0,Rural
48377,1.7,Rural
48379,55.2,Rural
48381,152.1,Rural
48383,3.3,Rural
48385,5.0,Rural
48387,11.6,Rural
48389,6.1,Rural
48391,9.0,Rural
48393,0.9,Rural
48395,20.0,Rural
48397,837.5,Urban
48399,9.8,Rural
48401,58.9,Rural
48403,21.6,Rural
48405,15.5,Rural
48407,51.0,Rural
48409,96.2,Rural
48411,5.3,Rural
48413,2.1,Rural
48415,18.4,Rural
48417,3.6,Rural
48419,31.9,Rural
48421,3.3,Rural
48423,253.9,Rural
48425,49.3,Rural
48427,52.9,Rural
48429,10.5,Rural
48431,1.4,Rural
48433,1.5,Rural
48435,2.6,Rural
48437,8.3,Rural
48439,2441.7,Urban
48441,151.1,Rural
48443,0.3,Rural
48445,13.9,Rural
48447,1.6,Rural
48449,81.0,Rural
48451,78.5,Rural
48453,1293.8,Urban
48455,21.2,Rural
48457,23.6,Rural
48459,72.0,Rural
48461,3.0,Rural
48463,17.2,Rural
48465,15.6,Rural
48467,67.6,Rural
48469,104.5,Rural
48471,92.9,Rural
48473,108.4,Rural
48475,14.4,Rural
48477,59.6,Rural
48479,82.3,Rural
48481,38.3,Rural
48483,5.5,Rural
48485,211.1,Rural
48487,13.2,Rural
48489,36.2,Rural
48491,533.8,Urban
48493,64.0,Rural
48495,9.5,Rural
48497,78.2,Rural
48499,71.2,Rural
48501,10.9,Rural
48503,19.8,Rural
48505,14.2,Rural
48507,9.1,Rural
49001,2.6,Rural
49003,9.8,Rural
49005,110.6,Rural
49007,13.9,Rural
49009,1.5,Rural
49011,1194.2,Urban
49013,6.1,Rural
49015,2.2,Rural
49017,1.0,Rural
49019,2.7,Rural
49021,16.9,Rural
49023,3.6,Rural
49025,2.0,Rural
49027,2.0,Rural
49029,20.0,Rural
49031,2.0,Rural
49033,2.4,Rural
49035,1568.2,Urban
49037,2.0,Rural
49039,19.6,Rural
49041,11.4,Rural
49043,22.6,Rural
49045,10.5,Rural
49047,8.0,Rural
49049,319.2,Rural
49051,29.4,Rural
49053,74.0,Rural
49055,1.1,Rural
49057,454.0,Rural
50001,48.1,Rural
50003,52.7,Rural
50005,46.2,Rural
50007,306.3,Rural
50009,9.3,Rural
50011,78.2,Rural
50013,88.9,Rural
50015,55.4,Rural
50017,42.1,Rural
50019,39.1,Rural
50021,62.6,Rural
50023,85.4,Rural
50025,53.7,Rural
50027,56.9,Rural
51001,71.8,Rural
51003,152.3,Rural
51005,33.3,Rural
51007,37.1,Rural
51009,66.7,Rural
51011,47.8,Rural
51013,9125.0,Urban
51015,78.4,Rural
51017,7.9,Rural
51019,104.3,Rural
51021,17.6,Rural
51023,61.9,Rural
51025,28.6,Rural
51027,41.6,Rural
51029,29.7,Rural
51031,108.9,Rural
51033,58.5,Rural
51035,62.9,Rural
51036,38.1,Rural
51037,25.0,Rural
51041,838.0,Urban
51043,83.4,Rural
51045,15.6,Rural
51047,139.3,Rural
51049,33.4,Rural
51051,43.2,Rural
51053,56.7,Rural
51057,42.7,Rural
51059,2929.4,Urban
51061,110.6,Rural
51063,41.5,Rural
51065,95.8,Rural
51067,81.4,Rural
51069,217.5,Rural
51071,47.2,Rural
51073,171.9,Rural
51075,85.2,Rural
51077,35.1,Rural
51079,127.3,Rural
51081,38.6,Rural
51083,41.4,Rural
51085,231.4,Rural
51087,1418.4,Urban
51089,132.3,Rural
51091,5.3,Rural
51093,118.1,Rural
51095,541.0,Urban
51097,22.4,Rural
51099,149.9,Rural
51101,62.9,Rural
51103,80.2,Rural
51105,53.7,Rural
51107,807.0,Urban
51109,76.4,Rural
51111,28.2,Rural
51113,41.5,Rural
51115,103.5,Rural
51117,49.0,Rural
51119,81.5,Rural
51121,255.4,Rural
51125,31.8,Rural
51127,111.4,Rural
51131,55.3,Rural
51133,63.4,Rural
51135,48.5,Rural
51137,109.5,Rural
51139,77.1,Rural
51141,36.5,Rural
51143,62.4,Rural
51145,114.6,Rural
51147,65.3,Rural
51149,144.8,Rural
51153,1399.9,Urban
51155,106.6,Rural
51157,27.6,Rural
51159,47.5,Rural
51161,377.1,Rural
51163,37.9,Rural
51165,96.9,Rural
51167,56.0,Rural
51169,40.2,Rural
51171,86.0,Rural
51173,66.8,Rural
51175,29.4,Rural
51177,341.1,Rural
51179,572.0,Urban
51181,23.0,Rural
51183,22.8,Rural
51185,78.1,Rural
51187,189.0,Rural
51191,96.2,Rural
51193,79.0,Rural
51195,92.6,Rural
51197,62.3,Rural
51199,652.1,Urban
51510,10600.9,Urban
51520,1285.9,Urban
51530,955.9,Urban
51540,4631.2,Urban
51550,721.5,Urban
51570,2328.9,Urban
51580,1007.0,Urban
51590,932.2,Urban
51595,762.4,Urban
51600,3883.8,Urban
51610,7397.5,Urban
51620,966.1,Urban
51630,2784.3,Urban
51640,776.0,Urban
51650,2616.1,Urban
51660,3046.8,Urban
51670,2198.7,Urban
51678,2977.7,Urban
51680,1682.6,Urban
51683,4167.9,Urban
51685,6877.5,Urban
51690,1156.4,Urban
51700,2604.5,Urban
51710,4478.8,Urban
51720,533.8,Urban
51730,1374.5,Urban
51735,805.2,Urban
51740,2798.0,Urban
51750,1875.3,Urban
51760,3855.5,Urban
51770,2337.8,Urban
51775,1765.3,Urban
51790,1259.5,Urban
51800,231.2,Rural
51810,1806.4,Urban
51820,1512.5,Urban
51830,1655.2,Urban
51840,3040.5,Urban
53001,10.4,Rural
53003,35.6,Rural
53005,120.9,Rural
53007,26.6,Rural
53009,44.8,Rural
53011,780.9,Urban
53013,4.6,Rural
53015,97.8,Rural
53017,24.0,Rural
53019,3.5,Rural
53021,77.0,Rural
53023,3.1,Rural
53025,36.6,Rural
53027,39.8,Rural
53029,411.0,Rural
53031,18.0,Rural
53033,1065.0,Urban
53035,690.8,Urban
53037,21.0,Rural
53039,12.1,Rural
53041,33.8,Rural
53043,4.8,Rural
53045,70.2,Rural
53047,8.0,Rural
53049,24.3,Rural
53051,9.9,Rural
53053,544.2,Urban
53055,102.1,Rural
53057,75.1,Rural
53059,7.3,Rural
53061,395.6,Rural
53063,298.4,Rural
53065,18.6,Rural
53067,405.4,Rural
53069,17.2,Rural
53071,48.1,Rural
53073,109.6,Rural
53075,23.3,Rural
53077,58.5,Rural
54001,48.3,Rural
54003,373.4,Rural
54005,42.6,Rural
54007,27.3,Rural
54009,246.5,Rural
54011,326.8,Rural
54013,25.5,Rural
54015,24.9,Rural
54017,26.3,Rural
54019,64.0,Rural
54021,23.2,Rural
54023,24.3,Rural
54025,34.0,Rural
54027,36.3,Rural
54029,349.0,Rural
54031,23.7,Rural
54033,161.8,Rural
54035,61.6,Rural
54037,273.4,Rural
54039,197.1,Rural
54041,41.4,Rural
54043,46.7,Rural
54045,70.3,Rural
54047,32.9,Rural
54049,181.8,Rural
54051,99.8,Rural
54053,61.6,Rural
54055,140.2,Rural
54057,82.0,Rural
54059,55.1,Rural
54061,293.9,Rural
54063,28.1,Rural
54065,78.3,Rural
54067,37.8,Rural
54069,391.1,Rural
54071,10.0,Rural
54073,57.6,Rural
54075,8.8,Rural
54077,51.7,Rural
54079,163.7,Rural
54081,121.1,Rural
54083,27.6,Rural
54085,21.1,Rural
54087,28.3,Rural
54089,35.0,Rural
54091,96.8,Rural
54093,16.3,Rural
54095,33.5,Rural
54097,68.2,Rural
54099,77.8,Rural
54101,14.6,Rural
54103,42.0,Rural
54105,25.1,Rural
54107,228.0,Rural
54109,40.7,Rural
55001,31.4,Rural
55003,14.9,Rural
55005,52.6,Rural
55007,10.2,Rural
55009,500.7,Urban
55011,19.4,Rural
55013,18.8,Rural
55015,157.7,Rural
55017,64.3,Rural
55019,28.8,Rural
55021,75.3,Rural
55023,28.3,Rural
55025,458.1,Rural
55027,100.6,Rural
55029,57.7,Rural
55031,33.1,Rural
55033,53.5,Rural
55035,164.3,Rural
55037,8.8,Rural
55039,144.1,Rural
55041,8.9,Rural
55043,44.9,Rural
55045,63.4,Rural
55047,54.4,Rural
55049,31.1,Rural
55051,7.5,Rural
55053,20.9,Rural
55055,152.5,Rural
55057,34.9,Rural
55059,625.0,Urban
55061,59.7,Rural
55063,261.8,Rural
55065,26.3,Rural
55067,22.1,Rural
55069,31.4,Rural
55071,134.3,Rural
55073,87.9,Rural
55075,28.9,Rural
55077,34.4,Rural
55078,12.8,Rural
55079,3911.5,Urban
55081,51.5,Rural
55083,38.2,Rural
55085,32.1,Rural
55087,295.5,Rural
55089,384.1,Rural
55091,31.5,Rural
55093,74.8,Rural
55095,48.1,Rural
55097,88.4,Rural
55099,10.7,Rural
55101,591.3,Urban
55103,29.4,Rural
55105,228.1,Rural
55107,15.6,Rural
55109,126.1,Rural
55111,77.8,Rural
55113,13.2,Rural
55115,45.9,Rural
55117,226.2,Rural
55119,20.9,Rural
55121,40.5,Rural
55123,39.0,Rural
55125,26.1,Rural
55127,187.9,Rural
55129,19.8,Rural
55131,316.9,Rural
55133,737.7,Urban
55135,68.3,Rural
55137,39.2,Rural
55139,396.7,Rural
55141,92.1,Rural
56001,9.1,Rural
56003,3.8,Rural
56005,9.6,Rural
56007,1.9,Rural
56009,3.2,Rural
56011,2.7,Rural
56013,4.3,Rural
56015,5.9,Rural
56017,2.2,Rural
56019,2.0,Rural
56021,37.2,Rural
56023,4.9,Rural
56025,14.9,Rural
56027,0.9,Rural
56029,4.2,Rural
56031,4.0,Rural
56033,12.1,Rural
56035,2.0,Rural
56037,4.0,Rural
56039,5.9,Rural
56041,9.7,Rural
56043,3.5,Rural
56045,2.9,Rural
